{"centers": [0.3528913859094777, 0.6496972486056883], "distance": 22085.1616627835, "time": 1.8357675075531006}